-- phpMyAdmin SQL Dump
-- version 4.7.3
-- https://www.phpmyadmin.net/
--
-- Host: localhost
-- Generation Time: Jan 29, 2018 at 07:10 AM
-- Server version: 5.7.19-0ubuntu0.16.04.1
-- PHP Version: 7.1.7-1+ubuntu16.04.1+deb.sury.org+1

SET SQL_MODE = "NO_AUTO_VALUE_ON_ZERO";
SET AUTOCOMMIT = 0;
START TRANSACTION;
SET time_zone = "+00:00";


/*!40101 SET @OLD_CHARACTER_SET_CLIENT=@@CHARACTER_SET_CLIENT */;
/*!40101 SET @OLD_CHARACTER_SET_RESULTS=@@CHARACTER_SET_RESULTS */;
/*!40101 SET @OLD_COLLATION_CONNECTION=@@COLLATION_CONNECTION */;
/*!40101 SET NAMES utf8mb4 */;

--
-- Database: `stock`
--

-- --------------------------------------------------------

--
-- Table structure for table `brands`
--

CREATE TABLE `brands` (
  `brand_id` int(11) NOT NULL,
  `brand_name` varchar(255) NOT NULL,
  `brand_active` int(11) NOT NULL DEFAULT '0',
  `brand_status` int(11) NOT NULL DEFAULT '0'
) ENGINE=InnoDB DEFAULT CHARSET=latin1;

--
-- Dumping data for table `brands`
--

INSERT INTO `brands` (`brand_id`, `brand_name`, `brand_active`, `brand_status`) VALUES
(1, 'Gap', 1, 2),
(2, 'Forever 21', 1, 2),
(3, 'Gap', 1, 2),
(4, 'Forever 21', 1, 2),
(5, 'Adidas', 1, 2),
(6, 'Gap', 1, 2),
(7, 'Forever 21', 1, 2),
(8, 'Adidas', 1, 2),
(9, 'Gap', 1, 2),
(10, 'Forever 21', 1, 2),
(11, 'Adidas', 1, 1),
(12, 'Gap', 1, 1),
(13, 'Forever 21', 1, 1),
(14, 'test', 1, 1),
(15, 'asdfasdf', 1, 1);

-- --------------------------------------------------------

--
-- Table structure for table `categories`
--

CREATE TABLE `categories` (
  `categories_id` int(11) NOT NULL,
  `categories_name` varchar(255) NOT NULL,
  `categories_active` int(11) NOT NULL DEFAULT '0',
  `categories_status` int(11) NOT NULL DEFAULT '0'
) ENGINE=InnoDB DEFAULT CHARSET=latin1;

--
-- Dumping data for table `categories`
--

INSERT INTO `categories` (`categories_id`, `categories_name`, `categories_active`, `categories_status`) VALUES
(1, 'Sports ', 1, 2),
(2, 'Casual', 1, 2),
(3, 'Casual', 1, 2),
(4, 'Sport', 1, 2),
(5, 'Casual', 1, 2),
(6, 'Sport wear', 1, 2),
(7, 'Casual wear', 1, 1),
(8, 'Sports ', 1, 1),
(9, 'test', 1, 1);

-- --------------------------------------------------------

--
-- Table structure for table `Company`
--

CREATE TABLE `Company` (
  `Company_ID` int(11) NOT NULL,
  `SuperUser_FK` int(11) NOT NULL,
  `Name` varchar(255) NOT NULL,
  `CompanyLogo` varchar(255) DEFAULT NULL
) ENGINE=InnoDB DEFAULT CHARSET=latin1;

--
-- Dumping data for table `Company`
--

INSERT INTO `Company` (`Company_ID`, `SuperUser_FK`, `Name`, `CompanyLogo`) VALUES
(1, 1, 'test', '');

-- --------------------------------------------------------

--
-- Table structure for table `Function`
--

CREATE TABLE `Function` (
  `Function_ID` int(11) NOT NULL,
  `User_FK` int(11) DEFAULT NULL,
  `UserRole_FK` int(11) DEFAULT NULL
) ENGINE=InnoDB DEFAULT CHARSET=latin1;

--
-- Dumping data for table `Function`
--

INSERT INTO `Function` (`Function_ID`, `User_FK`, `UserRole_FK`) VALUES
(1, 1, 1);

-- --------------------------------------------------------

--
-- Table structure for table `orders`
--

CREATE TABLE `orders` (
  `order_id` int(11) NOT NULL,
  `order_date` date NOT NULL,
  `client_name` varchar(255) NOT NULL,
  `client_contact` varchar(255) NOT NULL,
  `sub_total` varchar(255) NOT NULL,
  `vat` varchar(255) NOT NULL,
  `total_amount` varchar(255) NOT NULL,
  `discount` varchar(255) NOT NULL,
  `grand_total` varchar(255) NOT NULL,
  `paid` varchar(255) NOT NULL,
  `due` varchar(255) NOT NULL,
  `payment_type` int(11) NOT NULL,
  `payment_status` int(11) NOT NULL,
  `order_status` int(11) NOT NULL DEFAULT '0'
) ENGINE=InnoDB DEFAULT CHARSET=latin1;

--
-- Dumping data for table `orders`
--

INSERT INTO `orders` (`order_id`, `order_date`, `client_name`, `client_contact`, `sub_total`, `vat`, `total_amount`, `discount`, `grand_total`, `paid`, `due`, `payment_type`, `payment_status`, `order_status`) VALUES
(1, '2016-07-15', 'John Doe', '9807867564', '2700.00', '351.00', '3051.00', '1000.00', '2051.00', '1000.00', '1051.00', 2, 2, 2),
(2, '2016-07-15', 'John Doe', '9808746573', '3400.00', '442.00', '3842.00', '500.00', '3342.00', '3342', '0', 2, 1, 2),
(3, '2016-07-16', 'John Doe', '9809876758', '3600.00', '468.00', '4068.00', '568.00', '3500.00', '3500', '0', 2, 1, 2),
(4, '2016-08-01', 'Indra', '19208130', '1200.00', '156.00', '1356.00', '1000.00', '356.00', '356', '0.00', 2, 1, 2),
(5, '2016-07-16', 'John Doe', '9808767689', '3600.00', '468.00', '4068.00', '500.00', '3568.00', '3568', '0', 2, 1, 1);

-- --------------------------------------------------------

--
-- Table structure for table `order_item`
--

CREATE TABLE `order_item` (
  `order_item_id` int(11) NOT NULL,
  `order_id` int(11) NOT NULL DEFAULT '0',
  `product_id` int(11) NOT NULL DEFAULT '0',
  `quantity` varchar(255) NOT NULL,
  `rate` varchar(255) NOT NULL,
  `total` varchar(255) NOT NULL,
  `order_item_status` int(11) NOT NULL DEFAULT '0'
) ENGINE=InnoDB DEFAULT CHARSET=latin1;

--
-- Dumping data for table `order_item`
--

INSERT INTO `order_item` (`order_item_id`, `order_id`, `product_id`, `quantity`, `rate`, `total`, `order_item_status`) VALUES
(1, 1, 1, '1', '1500', '1500.00', 2),
(2, 1, 2, '1', '1200', '1200.00', 2),
(3, 2, 3, '2', '1200', '2400.00', 2),
(4, 2, 4, '1', '1000', '1000.00', 2),
(5, 3, 5, '2', '1200', '2400.00', 2),
(6, 3, 6, '1', '1200', '1200.00', 2),
(7, 4, 5, '1', '1200', '1200.00', 2),
(8, 5, 7, '2', '1200', '2400.00', 1),
(9, 5, 8, '1', '1200', '1200.00', 1);

-- --------------------------------------------------------

--
-- Table structure for table `product`
--

CREATE TABLE `product` (
  `SKU` varchar(255) NOT NULL,
  `product_name` varchar(255) NOT NULL,
  `product_image` text NOT NULL,
  `brand_id` int(11) NOT NULL,
  `categories_id` int(11) NOT NULL,
  `quantity` varchar(255) NOT NULL,
  `rate` varchar(255) NOT NULL,
  `active` int(11) NOT NULL DEFAULT '0',
  `status` int(11) NOT NULL DEFAULT '0'
) ENGINE=InnoDB DEFAULT CHARSET=latin1;

--
-- Dumping data for table `product`
--

INSERT INTO `product` (`SKU`, `product_name`, `product_image`, `brand_id`, `categories_id`, `quantity`, `rate`, `active`, `status`) VALUES
("sku1", 'Half pant', '../assests/images/stock/2847957892502c7200.jpg', 1, 2, '19', '1500', 2, 2),
("sku2", 'T-Shirt', '../assests/images/stock/163965789252551575.jpg', 2, 2, '9', '1200', 2, 2),
("sku3", 'Half Pant', '../assests/images/stock/13274578927924974b.jpg', 5, 3, '18', '1200', 2, 2),
("sku4", 'T-Shirt', '../assests/images/stock/12299578927ace94c5.jpg', 6, 3, '29', '1000', 2, 2),
("sku5", 'Half Pant', '../assests/images/stock/24937578929c13532e.jpg', 8, 5, '17', '1200', 2, 2),
("sku6", 'Polo T-Shirt', '../assests/images/stock/10222578929f733dbf.jpg', 9, 5, '29', '1200', 2, 2),
("sku7", 'Half Pant', '../assests/images/stock/1770257893463579bf.jpg', 11, 7, '28', '1200', 1, 1),
("sku8", 'Polo T-shirt', '../assests/images/stock/136715789347d1aea6.jpg', 12, 7, '9', '1200', 1, 1);

-- --------------------------------------------------------

--
-- Table structure for table `SuperUser`
--

CREATE TABLE `SuperUser` (
  `SuperUser_ID` int(11) NOT NULL,
  `Name` varchar(60) NOT NULL,
  `Password` varchar(100) NOT NULL,
  `FName` varchar(60) NOT NULL,
  `LName` varchar(60) NOT NULL
) ENGINE=InnoDB DEFAULT CHARSET=latin1;

--
-- Dumping data for table `SuperUser`
--

INSERT INTO `SuperUser` (`SuperUser_ID`, `Name`, `Password`, `FName`, `LName`) VALUES
(1, '123', '123', 'Jack', 'Chuva');

-- --------------------------------------------------------

--
-- Table structure for table `User`
--

CREATE TABLE `User` (
  `User_ID` int(11) NOT NULL,
  `Company_FK` int(11) NOT NULL,
  `Name` varchar(60) NOT NULL,
  `Password` varchar(100) NOT NULL,
  `FName` varchar(60) NOT NULL,
  `LName` varchar(60) NOT NULL,
  `Status` int(1) NOT NULL
) ENGINE=InnoDB DEFAULT CHARSET=latin1;

--
-- Dumping data for table `User`
--

INSERT INTO `User` (`User_ID`, `Company_FK`, `Name`, `Password`, `FName`, `LName`, `Status`) VALUES
(1, 1, '123', '$2y$10$vJCRvO9Lh9QA6UlSBmFAPemlIBu3zV1RVnqhY8vyca90ZvTdNtkOK', 'test', 'test', '1');

-- --------------------------------------------------------

--
-- Table structure for table `UserRole`
--

CREATE TABLE `UserRole` (
  `UserRole_ID` int(11) NOT NULL,
  `Description` varchar(60) NOT NULL
) ENGINE=InnoDB DEFAULT CHARSET=latin1;

--
-- Dumping data for table `UserRole`
--

INSERT INTO `UserRole` (`UserRole_ID`, `Description`) VALUES
(1, 'Super Admin'),
(2, 'Admin'),
(3, 'Sales'),
(4, 'Operation'),
(5, 'Accounting'),
(6, 'Marketing');

-- --------------------------------------------------------
--
-- Table structure for table `users`
--

CREATE TABLE `users` (
  `user_id` int(11) NOT NULL,
  `username` varchar(255) NOT NULL,
  `password` varchar(255) NOT NULL,
  `email` varchar(255) NOT NULL
) ENGINE=InnoDB DEFAULT CHARSET=latin1;

--
-- Dumping data for table `users`
--

INSERT INTO `users` (`user_id`, `username`, `password`, `email`) VALUES
(1, 'admin', '5f4dcc3b5aa765d61d8327deb882cf99', '');

--
-- Indexes for dumped tables
--

--
-- Indexes for table `brands`
--
ALTER TABLE `brands`
  ADD PRIMARY KEY (`brand_id`);

--
-- Indexes for table `categories`
--
ALTER TABLE `categories`
  ADD PRIMARY KEY (`categories_id`);

--
-- Indexes for table `Company`
--
ALTER TABLE `Company`
  ADD PRIMARY KEY (`Company_ID`);

--
-- Indexes for table `Function`
--
ALTER TABLE `Function`
  ADD PRIMARY KEY (`Function_ID`);

--
-- Indexes for table `orders`
--
ALTER TABLE `orders`
  ADD PRIMARY KEY (`order_id`);

--
-- Indexes for table `order_item`
--
ALTER TABLE `order_item`
  ADD PRIMARY KEY (`order_item_id`);

--
-- Indexes for table `product`
--
ALTER TABLE `product`
  ADD PRIMARY KEY (`SKU`);

--
-- Indexes for table `SuperUser`
--
ALTER TABLE `SuperUser`
  ADD PRIMARY KEY (`SuperUser_ID`),
  ADD UNIQUE KEY `Name` (`Name`);;

--
-- Indexes for table `User`
--
ALTER TABLE `User`
  ADD PRIMARY KEY (`User_ID`),
  ADD UNIQUE KEY `Name` (`Name`);

--
-- Indexes for table `UserRole`
--
ALTER TABLE `UserRole`
  ADD PRIMARY KEY (`UserRole_ID`);
  
--
-- Indexes for table `users`
--
ALTER TABLE `users`
  ADD PRIMARY KEY (`user_id`);

--
-- AUTO_INCREMENT for dumped tables
--

--
-- AUTO_INCREMENT for table `brands`
--
ALTER TABLE `brands`
  MODIFY `brand_id` int(11) NOT NULL AUTO_INCREMENT, AUTO_INCREMENT=16;
--
-- AUTO_INCREMENT for table `categories`
--
ALTER TABLE `categories`
  MODIFY `categories_id` int(11) NOT NULL AUTO_INCREMENT, AUTO_INCREMENT=10;
--
-- AUTO_INCREMENT for table `Company`
--
ALTER TABLE `Company`
  MODIFY `Company_ID` int(11) NOT NULL AUTO_INCREMENT, AUTO_INCREMENT=3;
--
-- AUTO_INCREMENT for table `Function`
--
ALTER TABLE `Function`
  MODIFY `Function_ID` int(11) NOT NULL AUTO_INCREMENT, AUTO_INCREMENT=1;
--
-- AUTO_INCREMENT for table `orders`
--
ALTER TABLE `orders`
  MODIFY `order_id` int(11) NOT NULL AUTO_INCREMENT, AUTO_INCREMENT=6;
--
-- AUTO_INCREMENT for table `order_item`
--
ALTER TABLE `order_item`
  MODIFY `order_item_id` int(11) NOT NULL AUTO_INCREMENT, AUTO_INCREMENT=10;
--
-- AUTO_INCREMENT for table `SuperUser`
--
ALTER TABLE `SuperUser`
  MODIFY `SuperUser_ID` int(11) NOT NULL AUTO_INCREMENT, AUTO_INCREMENT=1;
--
-- AUTO_INCREMENT for table `User`
--
ALTER TABLE `User`
  MODIFY `User_ID` int(11) NOT NULL AUTO_INCREMENT, AUTO_INCREMENT=1;
--
-- AUTO_INCREMENT for table `UserRole`
--
ALTER TABLE `UserRole`
  MODIFY `UserRole_ID` int(11) NOT NULL AUTO_INCREMENT, AUTO_INCREMENT=1;
--
-- AUTO_INCREMENT for table `users`
--
ALTER TABLE `users`
  MODIFY `user_id` int(11) NOT NULL AUTO_INCREMENT, AUTO_INCREMENT=2;COMMIT;

/*!40101 SET CHARACTER_SET_CLIENT=@OLD_CHARACTER_SET_CLIENT */;
/*!40101 SET CHARACTER_SET_RESULTS=@OLD_CHARACTER_SET_RESULTS */;
/*!40101 SET COLLATION_CONNECTION=@OLD_COLLATION_CONNECTION */;
